/*
	UA
	Authors: ChimpanG
*/

-----------------------------------------------
-- Types
-----------------------------------------------

INSERT INTO	Types
		(Type,											Kind			)
VALUES	('TRAIT_CIVILIZATION_CROSSROADS_OF_GLOABL_TRADE',			'KIND_TRAIT'	),
		('MODIFIER_SG_SETTLER_DISABLED',			'KIND_MODIFIER'	);

-----------------------------------------------
-- Traits
-----------------------------------------------

INSERT INTO	Traits	
		(TraitType,								Name,											Description											)
VALUES	('TRAIT_CIVILIZATION_CROSSROADS_OF_GLOABL_TRADE',	'LOC_TRAIT_CIVILIZATION_CROSSROADS_OF_GLOABL_TRADE_NAME',	'LOC_TRAIT_CIVILIZATION_CROSSROADS_OF_GLOABL_TRADE_DESCRIPTION'	);
		
-----------------------------------------------
-- CivilizationTraits
-----------------------------------------------

INSERT INTO	CivilizationTraits
		(CivilizationType,				TraitType							)
VALUES	('CIVILIZATION_TKB_SINGAPORE',	'TRAIT_CIVILIZATION_CROSSROADS_OF_GLOABL_TRADE'	);

-----------------------------------------------
-- TraitModifiers
-----------------------------------------------

INSERT INTO	TraitModifiers	
		(TraitType,								ModifierId										)
VALUES	('TRAIT_CIVILIZATION_CROSSROADS_OF_GLOABL_TRADE',	'TRAIT_SG_SAILING_ADD_TRADE_ROUTE'	),--Trade routes in tech and civics trees
		('TRAIT_CIVILIZATION_CROSSROADS_OF_GLOABL_TRADE',	'TRAIT_SG_CELESTIAL_NAVIGATION_ADD_TRADE_ROUTE'		),
		('TRAIT_CIVILIZATION_CROSSROADS_OF_GLOABL_TRADE',	'TRAIT_SG_CURRENCY_ADD_TRADE_ROUTE'		),
		('TRAIT_CIVILIZATION_CROSSROADS_OF_GLOABL_TRADE',	'TRAIT_SG_CARTOGRAPHY_ADD_TRADE_ROUTE'	),
		('TRAIT_CIVILIZATION_CROSSROADS_OF_GLOABL_TRADE',	'TRAIT_SG_STEAM_POWER_ADD_TRADE_ROUTE'	),
		('TRAIT_CIVILIZATION_CROSSROADS_OF_GLOABL_TRADE',	'TRAIT_SG_MERCANTILISM_ADD_TRADE_ROUTE'	),
		('TRAIT_CIVILIZATION_CROSSROADS_OF_GLOABL_TRADE',	'TRAIT_SG_COLONIALISM_ADD_TRADE_ROUTE'	),
		('TRAIT_CIVILIZATION_CROSSROADS_OF_GLOABL_TRADE',	'TRAIT_SG_FLIGHT_ADD_TRADE_ROUTE'	),
		('TRAIT_CIVILIZATION_CROSSROADS_OF_GLOABL_TRADE',	'TRAIT_SG_REFINING_ADD_TRADE_ROUTE'	),
		('TRAIT_CIVILIZATION_CROSSROADS_OF_GLOABL_TRADE',	'TRAIT_SG_TELECOMMUNICATIONS_ADD_TRADE_ROUTE'	),
		('TRAIT_CIVILIZATION_CROSSROADS_OF_GLOABL_TRADE',	'TRAIT_SG_GLOBALIZATION_ADD_TRADE_ROUTE'	),
		('TRAIT_CIVILIZATION_CROSSROADS_OF_GLOABL_TRADE',	'TRAIT_AMENITIES_FOR_MIN_FOLLOWERS'	),--Dharma
		('TRAIT_CIVILIZATION_CROSSROADS_OF_GLOABL_TRADE',	'TRAIT_ORIGIN_DESTINATION_RELIGIOUS_PRESSURE'	),
		('TRAIT_CIVILIZATION_CROSSROADS_OF_GLOABL_TRADE',	'TRAIT_CIVIC_BOOST'	),--Dynastic Cycles
		('TRAIT_CIVILIZATION_CROSSROADS_OF_GLOABL_TRADE',	'TRAIT_TECHNOLOGY_BOOST'	),
		('TRAIT_CIVILIZATION_CROSSROADS_OF_GLOABL_TRADE',	'TRAIT_ADJACENT_DISTRICTS_HOLYSITE_ADJACENCYFAITH'	),--Meiji Restoration
		('TRAIT_CIVILIZATION_CROSSROADS_OF_GLOABL_TRADE',	'TRAIT_ADJACENT_DISTRICTS_CAMPUS_ADJACENCYSCIENCE'	),
		('TRAIT_CIVILIZATION_CROSSROADS_OF_GLOABL_TRADE',	'TRAIT_ADJACENT_DISTRICTS_HARBOR_ADJACENCYGOLD'	),
		('TRAIT_CIVILIZATION_CROSSROADS_OF_GLOABL_TRADE',	'TRAIT_ADJACENT_DISTRICTS_COMMERCIALHUB_ADJACENCYGOLD'	),
		('TRAIT_CIVILIZATION_CROSSROADS_OF_GLOABL_TRADE',	'TRAIT_ADJACENT_DISTRICTS_THEATER_ADJACENCYCULTURE'	),
		('TRAIT_CIVILIZATION_CROSSROADS_OF_GLOABL_TRADE',	'TRAIT_ADJACENT_DISTRICTS_INDUSTRIALZONE_ADJACENCYPRODUCTION'	),
		('TRAIT_CIVILIZATION_CROSSROADS_OF_GLOABL_TRADE',	'TRAIT_NUSANTARA_COAST_HOLY_SITE'	),--Great Nusantara
		('TRAIT_CIVILIZATION_CROSSROADS_OF_GLOABL_TRADE',	'TRAIT_NUSANTARA_COAST_CAMPUS'	),
		('TRAIT_CIVILIZATION_CROSSROADS_OF_GLOABL_TRADE',	'TRAIT_NUSANTARA_COAST_INDUSTRIAL_ZONE'	),
		('TRAIT_CIVILIZATION_CROSSROADS_OF_GLOABL_TRADE',	'TRAIT_NUSANTARA_COAST_THEATER'	),
		('TRAIT_CIVILIZATION_CROSSROADS_OF_GLOABL_TRADE',	'TRAIT_NUSANTARA_COAST_ENTERTAINMENT'	),
		('TRAIT_CIVILIZATION_CROSSROADS_OF_GLOABL_TRADE',	'TRAIT_POWERED_BUILDINGS_MORE_CULTURE'	),--Workshop of the World power bonuses
		('TRAIT_CIVILIZATION_CROSSROADS_OF_GLOABL_TRADE',	'TRAIT_POWERED_BUILDINGS_MORE_GOLD'	),
		('TRAIT_CIVILIZATION_CROSSROADS_OF_GLOABL_TRADE',	'TRAIT_POWERED_BUILDINGS_MORE_PRODUCTION'	),
		('TRAIT_CIVILIZATION_CROSSROADS_OF_GLOABL_TRADE',	'TRAIT_POWERED_BUILDINGS_MORE_SCIENCE'	),
		('TRAIT_CIVILIZATION_CROSSROADS_OF_GLOABL_TRADE',	'TRAIT_POWERED_BUILDINGS_MORE_FOOD'	),
		('TRAIT_CIVILIZATION_CROSSROADS_OF_GLOABL_TRADE',	'TRAIT_ADJUST_INDUSTRIAL_ZONE_BUILDINGS_PRODUCTION'	),--Workshop of the World increased production towards industrial zones
		('TRAIT_CIVILIZATION_CROSSROADS_OF_GLOABL_TRADE',	'TRAIT_ADJUST_LIGHTHOUSE_STOCKPILE_CAP'	),--Workshop of the World increased stockpile cap
		('TRAIT_CIVILIZATION_CROSSROADS_OF_GLOABL_TRADE',	'TRAIT_ADJUST_SHIPYARD_STOCKPILE_CAP'	),
		('TRAIT_CIVILIZATION_CROSSROADS_OF_GLOABL_TRADE',	'TRAIT_ADJUST_SEAPORT_STOCKPILE_CAP'	),
		('TRAIT_CIVILIZATION_CROSSROADS_OF_GLOABL_TRADE',	'TRADE_ROUTE_SG_GOLD_COAST_ORIGIN'	),--What trade routes receive from having terrain type in origin
		('TRAIT_CIVILIZATION_CROSSROADS_OF_GLOABL_TRADE',	'TRADE_ROUTE_SG_GOLD_LAKE_ORIGIN'	),
		('TRAIT_CIVILIZATION_CROSSROADS_OF_GLOABL_TRADE',	'TRADE_ROUTE_SG_GOLD_OCEAN_ORIGIN'	),
		('TRAIT_CIVILIZATION_CROSSROADS_OF_GLOABL_TRADE',	'TRAIT_TRADE_SG_FOOD_FROM_PLANTATIONS'	),--What trade routes receive from plantations at destination
		('TRAIT_CIVILIZATION_CROSSROADS_OF_GLOABL_TRADE',	'TRAIT_TRADE_SG_GOLD_FROM_PLANTATIONS'	),
		('TRAIT_CIVILIZATION_CROSSROADS_OF_GLOABL_TRADE',	'TRAIT_TRADE_SG_SCIENCE_FROM_PLANTATIONS'	),
		('TRAIT_CIVILIZATION_CROSSROADS_OF_GLOABL_TRADE',	'TRAIT_TRADE_SG_PRODUCTION_FROM_STRATEGIC'	),--What trade routes receive from improved strategic resources at destination
		('TRAIT_CIVILIZATION_CROSSROADS_OF_GLOABL_TRADE',	'TRAIT_TRADE_SG_GOLD_FROM_STRATEGIC'	),
		('TRAIT_CIVILIZATION_CROSSROADS_OF_GLOABL_TRADE',	'TRAIT_TRADE_SG_SCIENCE_FROM_STRATEGIC'	),
		('TRAIT_CIVILIZATION_CROSSROADS_OF_GLOABL_TRADE',	'TRAIT_INCOMING_TRADE_TRANSHIPMENT_OFFER_GOLD'	),--What senders of incoming international routes receive
		('TRAIT_CIVILIZATION_CROSSROADS_OF_GLOABL_TRADE',	'TRAIT_INCOMING_TRADE_TRANSHIPMENT_OFFER_CULTURE'	),
		('TRAIT_CIVILIZATION_CROSSROADS_OF_GLOABL_TRADE',	'TRAIT_INCOMING_TRADE_TRANSHIPMENT_OFFER_SCIENCE'	),
		('TRAIT_CIVILIZATION_CROSSROADS_OF_GLOABL_TRADE',	'TRAIT_INCOMING_TRADE_TRANSHIPMENT_GAIN_FOOD'	),--What Singapore receives from incoming trade routes
		('TRAIT_CIVILIZATION_CROSSROADS_OF_GLOABL_TRADE',	'TRAIT_INCOMING_TRADE_TRANSHIPMENT_GAIN_PRODUCTION'	),
		('TRAIT_CIVILIZATION_CROSSROADS_OF_GLOABL_TRADE',	'TRAIT_INCOMING_TRADE_TRANSHIPMENT_GAIN_GOLD'	),
		('TRAIT_CIVILIZATION_CROSSROADS_OF_GLOABL_TRADE',	'TRAIT_INCOMING_TRADE_TRANSHIPMENT_GAIN_CULTURE'	),
		('TRAIT_CIVILIZATION_CROSSROADS_OF_GLOABL_TRADE',	'TRAIT_INCOMING_TRADE_TRANSHIPMENT_GAIN_SCIENCE'	),
		('TRAIT_CIVILIZATION_CROSSROADS_OF_GLOABL_TRADE',	'TRAIT_SG_SETTLER_DISABLED'	),
		('TRAIT_CIVILIZATION_CROSSROADS_OF_GLOABL_TRADE',	'TRAIT_CAPTURED_LOYALTY_DRASTIC_DECREASE'	),
		('TRAIT_CIVILIZATION_CROSSROADS_OF_GLOABL_TRADE',	'TRAIT_AMENITIES_FROM_TKB_HDB'	);

-----------------------------------------------
-- DynamicModifiers
-----------------------------------------------

INSERT INTO	DynamicModifiers
		(ModifierType,									CollectionType,					EffectType										)
VALUES	('MODIFIER_SG_SETTLER_DISABLED',	'COLLECTION_PLAYER_CITIES',		'EFFECT_ADJUST_PLAYER_UNIT_BUILD_DISABLED'			);
		
-----------------------------------------------
-- Modifiers
-----------------------------------------------

INSERT INTO	Modifiers
		(ModifierId,										ModifierType,		RunOnce,		NewOnly,		Permanent,		OwnerRequirementSetId,			SubjectRequirementSetId,		OwnerStackLimit,		SubjectStackLimit	)
VALUES	('TRAIT_SG_SAILING_ADD_TRADE_ROUTE',		'MODIFIER_PLAYER_ADJUST_TRADE_ROUTE_CAPACITY',				0,0,0,NULL,		'PLAYER_HAS_SAILING',		NULL,NULL			),--Trade route capcity modifiers
		('TRAIT_SG_CELESTIAL_NAVIGATION_ADD_TRADE_ROUTE',		'MODIFIER_PLAYER_ADJUST_TRADE_ROUTE_CAPACITY',	0,0,0,NULL,		'PLAYER_HAS_CELESTIAL_NAVIGATION',	NULL,NULL	),
		('TRAIT_SG_CURRENCY_ADD_TRADE_ROUTE',		'MODIFIER_PLAYER_ADJUST_TRADE_ROUTE_CAPACITY',				0,0,0,NULL,		'PLAYER_HAS_CURRENCY',				NULL,NULL	),
		('TRAIT_SG_CARTOGRAPHY_ADD_TRADE_ROUTE',	'MODIFIER_PLAYER_ADJUST_TRADE_ROUTE_CAPACITY',				0,0,0,NULL,		'PLAYER_HAS_CARTOGRAPHY',			NULL,NULL	),
		('TRAIT_SG_STEAM_POWER_ADD_TRADE_ROUTE',		'MODIFIER_PLAYER_ADJUST_TRADE_ROUTE_CAPACITY',			0,0,0,NULL,		'PLAYER_HAS_STEAM_POWER',			NULL,NULL	),
		('TRAIT_SG_MERCANTILISM_ADD_TRADE_ROUTE',		'MODIFIER_PLAYER_ADJUST_TRADE_ROUTE_CAPACITY',			0,0,0,NULL,		'PLAYER_HAS_MERCANTILISM',			NULL,NULL	),
		('TRAIT_SG_COLONIALISM_ADD_TRADE_ROUTE',		'MODIFIER_PLAYER_ADJUST_TRADE_ROUTE_CAPACITY',			0,0,0,NULL,		'PLAYER_HAS_COLONIALISM',			NULL,NULL	),
		('TRAIT_SG_FLIGHT_ADD_TRADE_ROUTE',		'MODIFIER_PLAYER_ADJUST_TRADE_ROUTE_CAPACITY',					0,0,0,NULL,		'PLAYER_HAS_FLIGHT',				NULL,NULL	),
		('TRAIT_SG_REFINING_ADD_TRADE_ROUTE',		'MODIFIER_PLAYER_ADJUST_TRADE_ROUTE_CAPACITY',				0,0,0,NULL,		'PLAYER_HAS_REFINING',				NULL,NULL	),
		('TRAIT_SG_TELECOMMUNICATIONS_ADD_TRADE_ROUTE',		'MODIFIER_PLAYER_ADJUST_TRADE_ROUTE_CAPACITY',			0,0,0,NULL,	'PLAYER_HAS_TELECOMMUNICATIONS',	NULL,NULL	),
		('TRAIT_SG_GLOBALIZATION_ADD_TRADE_ROUTE',				'MODIFIER_PLAYER_ADJUST_TRADE_ROUTE_CAPACITY',		0,0,0,NULL,	'PLAYER_HAS_GLOBALIZATION',			NULL,NULL	),
		('TRADE_ROUTE_SG_GOLD_COAST_ORIGIN',	'MODIFIER_PLAYER_ADJUST_TRADE_ROUTE_YIELD_PER_TERRAIN_INTERNATIONAL',	0,0,0,NULL,			NULL,NULL,NULL		),					--Trade route bonuses from terrain
		('TRADE_ROUTE_SG_GOLD_LAKE_ORIGIN',			'MODIFIER_PLAYER_ADJUST_TRADE_ROUTE_YIELD_PER_TERRAIN_INTERNATIONAL',	0,0,0,NULL,			NULL,NULL,NULL					),
		('TRADE_ROUTE_SG_GOLD_OCEAN_ORIGIN',			'MODIFIER_PLAYER_ADJUST_TRADE_ROUTE_YIELD_PER_TERRAIN_INTERNATIONAL',	0,0,0,NULL,			NULL,	NULL,NULL				),
		('TRAIT_TRADE_SG_FOOD_FROM_PLANTATIONS',	'MODIFIER_PLAYER_ADJUST_TRADE_ROUTE_YIELD_PER_IMPROVEMENT_IN_TARGET',			0,0,0,NULL,	NULL,NULL,NULL		),					--Trade route bonuses from Plantations
		('TRAIT_TRADE_SG_GOLD_FROM_PLANTATIONS',			'MODIFIER_PLAYER_ADJUST_TRADE_ROUTE_YIELD_PER_IMPROVEMENT_IN_TARGET',		0,0,0,NULL,		NULL,		NULL,NULL			),
		('TRAIT_TRADE_SG_SCIENCE_FROM_PLANTATIONS',			'MODIFIER_PLAYER_ADJUST_TRADE_ROUTE_YIELD_PER_IMPROVEMENT_IN_TARGET',		0,0,0,NULL,		NULL,		NULL,NULL			),
		('TRAIT_TRADE_SG_PRODUCTION_FROM_STRATEGIC',	'MODIFIER_PLAYER_CITIES_ADJUST_TRADE_ROUTE_YIELD_PER_DESTINATION_STRATEGIC_FOR_INTERNATIONAL',	0,0,0,NULL,			NULL,NULL,NULL		),					--Trade route bonuses from improved strategic resources
		('TRAIT_TRADE_SG_GOLD_FROM_STRATEGIC',			'MODIFIER_PLAYER_CITIES_ADJUST_TRADE_ROUTE_YIELD_PER_DESTINATION_STRATEGIC_FOR_INTERNATIONAL',		0,0,0,NULL,		NULL,NULL,NULL					),
		('TRAIT_TRADE_SG_SCIENCE_FROM_STRATEGIC',			'MODIFIER_PLAYER_CITIES_ADJUST_TRADE_ROUTE_YIELD_PER_DESTINATION_STRATEGIC_FOR_INTERNATIONAL',	0,0,0,NULL,			NULL,	NULL,NULL				),
		('TRAIT_INCOMING_TRADE_TRANSHIPMENT_OFFER_GOLD',	'MODIFIER_PLAYER_CITIES_ADJUST_TRADE_ROUTE_YIELD_TO_OTHERS',	0,0,0,NULL,			NULL,NULL,NULL		),					--Trade route bonuses to sender of incoming trade routes
		('TRAIT_INCOMING_TRADE_TRANSHIPMENT_OFFER_CULTURE',			'MODIFIER_PLAYER_CITIES_ADJUST_TRADE_ROUTE_YIELD_TO_OTHERS',	0,0,0,NULL,			NULL,	NULL,NULL				),
		('TRAIT_INCOMING_TRADE_TRANSHIPMENT_OFFER_SCIENCE',			'MODIFIER_PLAYER_CITIES_ADJUST_TRADE_ROUTE_YIELD_TO_OTHERS',	0,0,0,NULL,			NULL,	NULL,NULL				),
		('TRAIT_INCOMING_TRADE_TRANSHIPMENT_GAIN_FOOD',			'MODIFIER_PLAYER_CITIES_ADJUST_TRADE_ROUTE_YIELD_FROM_OTHERS',		0,0,0,NULL,		NULL,		NULL,NULL			), --Trade route bonuses for incoming trade routes
		('TRAIT_INCOMING_TRADE_TRANSHIPMENT_GAIN_PRODUCTION',			'MODIFIER_PLAYER_CITIES_ADJUST_TRADE_ROUTE_YIELD_FROM_OTHERS',	0,0,0,NULL,			NULL,	NULL,NULL				),
		('TRAIT_INCOMING_TRADE_TRANSHIPMENT_GAIN_GOLD',	'MODIFIER_PLAYER_CITIES_ADJUST_TRADE_ROUTE_YIELD_FROM_OTHERS',		0,0,0,NULL,		NULL,NULL,NULL		),					
		('TRAIT_INCOMING_TRADE_TRANSHIPMENT_GAIN_CULTURE',			'MODIFIER_PLAYER_CITIES_ADJUST_TRADE_ROUTE_YIELD_FROM_OTHERS',		0,0,0,NULL,		NULL,	NULL,NULL				),
		('TRAIT_INCOMING_TRADE_TRANSHIPMENT_GAIN_SCIENCE',			'MODIFIER_PLAYER_CITIES_ADJUST_TRADE_ROUTE_YIELD_FROM_OTHERS',		0,0,0,NULL,		NULL,		NULL,NULL			),
		('TRAIT_SG_SETTLER_DISABLED','MODIFIER_SG_SETTLER_DISABLED',0,0,0,NULL,NULL,NULL,NULL),
		('TRAIT_CAPTURED_LOYALTY_DRASTIC_DECREASE','MODIFIER_PLAYER_CITIES_ADJUST_IDENTITY_PER_TURN',0,0,0,NULL,'CITY_NOT_FOUNDED',NULL,NULL),
		('TRAIT_AMENITIES_FROM_TKB_HDB','MODIFIER_CITY_DISTRICTS_ADJUST_DISTRICT_AMENITY',0,0,0,NULL,'DISTRICT_IS_TKB_HDB_ESTATE',NULL,NULL);
-----------------------------------------------
-- ModifierArguments
-----------------------------------------------

INSERT INTO	ModifierArguments
		(ModifierId,											Name,							Value									)
VALUES	('TRAIT_SG_SAILING_ADD_TRADE_ROUTE',			'Amount',					1						), -- Additional trade routes
		('TRAIT_SG_CELESTIAL_NAVIGATION_ADD_TRADE_ROUTE',			'Amount',					1						),
		('TRAIT_SG_CURRENCY_ADD_TRADE_ROUTE',			'Amount',					1						),
		('TRAIT_SG_CARTOGRAPHY_ADD_TRADE_ROUTE',			'Amount',					1						),
		('TRAIT_SG_STEAM_POWER_ADD_TRADE_ROUTE',			'Amount',					1						),
		('TRAIT_SG_MERCANTILISM_ADD_TRADE_ROUTE',			'Amount',					1						),
		('TRAIT_SG_COLONIALISM_ADD_TRADE_ROUTE',			'Amount',					1						),
		('TRAIT_SG_FLIGHT_ADD_TRADE_ROUTE',			'Amount',					1						),
		('TRAIT_SG_REFINING_ADD_TRADE_ROUTE',			'Amount',					1						),
		('TRAIT_SG_TELECOMMUNICATIONS_ADD_TRADE_ROUTE',			'Amount',					1						),
		('TRAIT_SG_GLOBALIZATION_ADD_TRADE_ROUTE',			'Amount',					1						),
		('TRADE_ROUTE_SG_GOLD_COAST_ORIGIN',			'Origin',					1						), -- Terrian trade bonuses
		('TRADE_ROUTE_SG_GOLD_COAST_ORIGIN',			'Amount',					1						),
		('TRADE_ROUTE_SG_GOLD_COAST_ORIGIN',			'TerrainType',					'TERRAIN_COAST'					),
		('TRADE_ROUTE_SG_GOLD_COAST_ORIGIN',			'YieldType',					'YIELD_GOLD'						),
		('TRADE_ROUTE_SG_GOLD_LAKE_ORIGIN',			'Origin',					1						),
		('TRADE_ROUTE_SG_GOLD_LAKE_ORIGIN',			'Amount',					1					),
		('TRADE_ROUTE_SG_GOLD_LAKE_ORIGIN',			'TerrainType',					'TERRAIN_LAKE'					),
		('TRADE_ROUTE_SG_GOLD_LAKE_ORIGIN',			'YieldType',					'YIELD_GOLD'						),
		('TRADE_ROUTE_SG_GOLD_OCEAN_ORIGIN',			'Origin',					1						),
		('TRADE_ROUTE_SG_GOLD_OCEAN_ORIGIN',			'Amount',					1						),
		('TRADE_ROUTE_SG_GOLD_OCEAN_ORIGIN',			'TerrainType',					'TERRAIN_OCEAN'					),
		('TRADE_ROUTE_SG_GOLD_OCEAN_ORIGIN',			'YieldType',					'YIELD_GOLD'						),
		('TRAIT_TRADE_SG_FOOD_FROM_PLANTATIONS',			'Origin',					1						), -- Plantation bonuses
		('TRAIT_TRADE_SG_FOOD_FROM_PLANTATIONS',			'Amount',					1						),
		('TRAIT_TRADE_SG_FOOD_FROM_PLANTATIONS',			'ImprovementType',					'IMPROVEMENT_PLANTATION'					),
		('TRAIT_TRADE_SG_FOOD_FROM_PLANTATIONS',			'YieldType',					'YIELD_FOOD'						),
		('TRAIT_TRADE_SG_GOLD_FROM_PLANTATIONS',			'Origin',					1						),
		('TRAIT_TRADE_SG_GOLD_FROM_PLANTATIONS',			'Amount',					1						),
		('TRAIT_TRADE_SG_GOLD_FROM_PLANTATIONS',			'ImprovementType',					'IMPROVEMENT_PLANTATION'					),
		('TRAIT_TRADE_SG_GOLD_FROM_PLANTATIONS',			'YieldType',					'YIELD_GOLD'						),
		('TRAIT_TRADE_SG_SCIENCE_FROM_PLANTATIONS',			'Origin',					1						),
		('TRAIT_TRADE_SG_SCIENCE_FROM_PLANTATIONS',			'Amount',					1						),
		('TRAIT_TRADE_SG_SCIENCE_FROM_PLANTATIONS',			'ImprovementType',					'IMPROVEMENT_PLANTATION'					),
		('TRAIT_TRADE_SG_SCIENCE_FROM_PLANTATIONS',			'YieldType',					'YIELD_SCIENCE'						),
		('TRAIT_TRADE_SG_PRODUCTION_FROM_STRATEGIC',			'Amount',					1					),
		('TRAIT_TRADE_SG_PRODUCTION_FROM_STRATEGIC',			'YieldType',					'YIELD_PRODUCTION'						),
		('TRAIT_TRADE_SG_GOLD_FROM_STRATEGIC',			'Amount',					1					),
		('TRAIT_TRADE_SG_GOLD_FROM_STRATEGIC',			'YieldType',					'YIELD_GOLD'						),
		('TRAIT_TRADE_SG_SCIENCE_FROM_STRATEGIC',			'Amount',					1					),
		('TRAIT_TRADE_SG_SCIENCE_FROM_STRATEGIC',			'YieldType',					'YIELD_SCIENCE'						),
		('TRAIT_INCOMING_TRADE_TRANSHIPMENT_OFFER_GOLD',			'Amount',					8					),
		('TRAIT_INCOMING_TRADE_TRANSHIPMENT_OFFER_GOLD',			'YieldType',					'YIELD_GOLD'						),
		('TRAIT_INCOMING_TRADE_TRANSHIPMENT_OFFER_CULTURE',			'Amount',					1					),
		('TRAIT_INCOMING_TRADE_TRANSHIPMENT_OFFER_CULTURE',			'YieldType',					'YIELD_CULTURE'						),
		('TRAIT_INCOMING_TRADE_TRANSHIPMENT_OFFER_SCIENCE',			'Amount',					1					),
		('TRAIT_INCOMING_TRADE_TRANSHIPMENT_OFFER_SCIENCE',			'YieldType',					'YIELD_SCIENCE'						),
		('TRAIT_INCOMING_TRADE_TRANSHIPMENT_GAIN_FOOD',			'Amount',					2					),
		('TRAIT_INCOMING_TRADE_TRANSHIPMENT_GAIN_FOOD',			'YieldType',					'YIELD_FOOD'						),
		('TRAIT_INCOMING_TRADE_TRANSHIPMENT_GAIN_PRODUCTION',			'Amount',					2					),
		('TRAIT_INCOMING_TRADE_TRANSHIPMENT_GAIN_PRODUCTION',			'YieldType',					'YIELD_PRODUCTION'						),
		('TRAIT_INCOMING_TRADE_TRANSHIPMENT_GAIN_GOLD',			'Amount',					2					),
		('TRAIT_INCOMING_TRADE_TRANSHIPMENT_GAIN_GOLD',			'YieldType',					'YIELD_GOLD'						),
		('TRAIT_INCOMING_TRADE_TRANSHIPMENT_GAIN_CULTURE',			'Amount',					2					),
		('TRAIT_INCOMING_TRADE_TRANSHIPMENT_GAIN_CULTURE',			'YieldType',					'YIELD_CULTURE'						),
		('TRAIT_INCOMING_TRADE_TRANSHIPMENT_GAIN_SCIENCE',			'Amount',					2					),
		('TRAIT_INCOMING_TRADE_TRANSHIPMENT_GAIN_SCIENCE',			'YieldType',					'YIELD_SCIENCE'						),
		('TRAIT_SG_SETTLER_DISABLED',			'UnitType',					'UNIT_SETTLER'						),
		('TRAIT_CAPTURED_LOYALTY_DRASTIC_DECREASE',			'Amount',					-100					),
		('TRAIT_AMENITIES_FROM_TKB_HDB',			'Amount',					3					);
-----------------------------------------------
-- RequirementSets
-----------------------------------------------

INSERT INTO RequirementSets
        (RequirementSetId,					RequirementSetType			)
VALUES	('PLAYER_HAS_SAILING',	'REQUIREMENTSET_TEST_ALL'	),
		('PLAYER_HAS_CELESTIAL_NAVIGATION',	'REQUIREMENTSET_TEST_ALL'	),
		('PLAYER_HAS_CURRENCY',	'REQUIREMENTSET_TEST_ALL'	),
		('PLAYER_HAS_CARTOGRAPHY',	'REQUIREMENTSET_TEST_ALL'	),
		('PLAYER_HAS_STEAM_POWER',	'REQUIREMENTSET_TEST_ALL'	),
		('PLAYER_HAS_COLONIALISM',	'REQUIREMENTSET_TEST_ALL'	),
		('PLAYER_HAS_MERCANTILISM',	'REQUIREMENTSET_TEST_ALL'	),
		('PLAYER_HAS_FLIGHT',	'REQUIREMENTSET_TEST_ALL'	),
		('PLAYER_HAS_REFINING',	'REQUIREMENTSET_TEST_ALL'	),
		('PLAYER_HAS_TELECOMMUNICATIONS',	'REQUIREMENTSET_TEST_ALL'	),
		('PLAYER_HAS_GLOBALIZATION',	'REQUIREMENTSET_TEST_ALL'	),
		('DISTRICT_IS_TKB_HDB_ESTATE','REQUIREMENTSET_TEST_ALL'	);
-----------------------------------------------
-- RequirementSetRequirements
-----------------------------------------------

INSERT INTO RequirementSetRequirements
        (RequirementSetId,					RequirementId					)
VALUES	('PLAYER_HAS_SAILING',	'REQUIRES_SG_PLAYER_HAS_SAILING'		),
		('PLAYER_HAS_CELESTIAL_NAVIGATION',	'REQUIRES_SG_PLAYER_HAS_CELESTIAL_NAVIGATION'	),
		('PLAYER_HAS_CURRENCY',	'REQUIRES_SG_PLAYER_HAS_CURRENCY'	), 
		('PLAYER_HAS_CARTOGRAPHY',	'REQUIRES_SG_PLAYER_HAS_CARTOGRAPHY'	),
		('PLAYER_HAS_STEAM_POWER',	'REQUIRES_SG_PLAYER_HAS_STEAM_POWER'	),
		('PLAYER_HAS_MERCANTILISM',	'REQUIRES_SG_PLAYER_HAS_MERCANTILISM'		),
		('PLAYER_HAS_COLONIALISM',	'REQUIRES_SG_PLAYER_HAS_COLONIALISM'	),
		('PLAYER_HAS_FLIGHT',	'REQUIRES_SG_PLAYER_HAS_FLIGHT'	), 
		('PLAYER_HAS_REFINING',	'REQUIRES_SG_PLAYER_HAS_REFINING'	),
		('PLAYER_HAS_TELECOMMUNICATIONS',	'REQUIRES_SG_PLAYER_HAS_TELECOMMUNICATIONS'	), 
		('PLAYER_HAS_TELECOMMUNICATIONS',	'REQUIRES_SG_PLAYER_HAS_GLOBALIZATION'	),
		('DISTRICT_IS_TKB_HDB_ESTATE','REQUIRES_DISTRICT_IS_TKB_HDB_ESTATE'	);
-----------------------------------------------
-- Requirements
-----------------------------------------------

INSERT INTO Requirements
		(RequirementId,						RequirementType	)
VALUES	('REQUIRES_SG_PLAYER_HAS_SAILING',		'REQUIREMENT_PLAYER_HAS_TECHNOLOGY'),
		('REQUIRES_SG_PLAYER_HAS_CELESTIAL_NAVIGATION',	'REQUIREMENT_PLAYER_HAS_TECHNOLOGY'),
		('REQUIRES_SG_PLAYER_HAS_CURRENCY',	'REQUIREMENT_PLAYER_HAS_TECHNOLOGY'),
		('REQUIRES_SG_PLAYER_HAS_CARTOGRAPHY',		'REQUIREMENT_PLAYER_HAS_TECHNOLOGY'),
		('REQUIRES_SG_PLAYER_HAS_STEAM_POWER',	'REQUIREMENT_PLAYER_HAS_TECHNOLOGY'),
		('REQUIRES_SG_PLAYER_HAS_COLONIALISM',		'REQUIREMENT_PLAYER_HAS_CIVIC'),
		('REQUIRES_SG_PLAYER_HAS_MERCANTILISM',	'REQUIREMENT_PLAYER_HAS_CIVIC'),
		('REQUIRES_SG_PLAYER_HAS_FLIGHT',	'REQUIREMENT_PLAYER_HAS_TECHNOLOGY'),
		('REQUIRES_SG_PLAYER_HAS_REFINING',		'REQUIREMENT_PLAYER_HAS_TECHNOLOGY'),
		('REQUIRES_SG_PLAYER_HAS_TELECOMMUNICATIONS',	'REQUIREMENT_PLAYER_HAS_TECHNOLOGY'),
		('REQUIRES_SG_PLAYER_HAS_GLOBALIZATION',	'REQUIREMENT_PLAYER_HAS_CIVIC'),
		('REQUIRES_DISTRICT_IS_TKB_HDB_ESTATE','REQUIREMENT_DISTRICT_TYPE_MATCHES'	);

-----------------------------------------------
-- RequirementArguments
-----------------------------------------------
INSERT INTO RequirementArguments
		(RequirementId,	Name, Value)
VALUES	('REQUIRES_SG_PLAYER_HAS_SAILING',		'TechnologyType','TECH_SAILING'),
		('REQUIRES_SG_PLAYER_HAS_CELESTIAL_NAVIGATION',	'TechnologyType','TECH_CELESTIAL_NAVIGATION'),
		('REQUIRES_SG_PLAYER_HAS_CURRENCY',	'TechnologyType','TECH_CURRENCY'),
		('REQUIRES_SG_PLAYER_HAS_CARTOGRAPHY',		'TechnologyType','TECH_CARTOGRAPHY'),
		('REQUIRES_SG_PLAYER_HAS_STEAM_POWER',	'TechnologyType','TECH_STEAM_POWER'),
		('REQUIRES_SG_PLAYER_HAS_COLONIALISM',		'CivicType','CIVIC_COLONIALISM'),
		('REQUIRES_SG_PLAYER_HAS_MERCANTILISM',	'CivicType','CIVIC_MERCANTILISM'),
		('REQUIRES_SG_PLAYER_HAS_FLIGHT',	'TechnologyType','TECH_FLIGHT'),
		('REQUIRES_SG_PLAYER_HAS_REFINING',		'TechnologyType','TECH_REFINING'),
		('REQUIRES_SG_PLAYER_HAS_TELECOMMUNICATIONS',	'TechnologyType','TECH_TELECOMMUNICATIONS'),
		('REQUIRES_SG_PLAYER_HAS_GLOBALIZATION',	'CivicType','CIVIC_GLOBALIZATION'),
		('REQUIRES_DISTRICT_IS_TKB_HDB_ESTATE','DistrictType','DISTRICT_TKB_HDB_ESTATE');